Processing Record: 1 of Set 1 | taoudenni,ml
Processing Record: 2 of Set 1 | kargil,in
Processing Record: 3 of Set 1 | knysna,za
Processing Record: 4 of Set 1 | sao filipe,cv
Processing Record: 5 of Set 1 | tianpeng,cn
Processing Record: 6 of Set 1 | new norfolk,au
Processing Record: 7 of Set 1 | kulhudhuffushi,mv
Processing Record: 8 of Set 1 | saryshagan,kz
City not found. Skipping...
Processing Record: 9 of Set 1 | negara,id
Processing Record: 10 of Set 1 | chicama,pe
Processing Record: 11 of Set 1 | bara,sd
City not found. Skipping...
Processing Record: 12 of Set 1 | leshukonskoye,ru
Processing Record: 13 of Set 1 | alofi,nu
Processing Record: 14 of Set 1 | tottori,jp
Processing Record: 15 of Set 1 | okha,ru
Processing Record: 16 of Set 1 | cabedelo,br
Processing Record: 17 of Set 1 | havre-saint-pierre,ca
Processing Record: 18 of Set 1 | ostersund,se
Processing Record: 19 of Set 1 | pangnirtung,ca
Processing Record: 20 of Set 1 | chokurdakh,ru
Processing Record: 21 of Set 1 | alyangula,au
Processing Record: 22 of Set 1 | rodrigues alves,br
Processing Record: 23 of Set 1 | san lorenzo,bo
Processing Record: 24 of Set 1 | port lincoln,au
Processing Record: 25 of Set 1 | champerico,gt
Processing Record: 26 of Set 1 | borogontsy,ru
Processing Record: 27 of Set 1 | eldikan,ru
City not found. Skipping...
Processing Record: 28 of Set 1 | warqla,dz
City not found. Skipping...
Processing Record: 29 of Set 1 | khash,ir
Processing Record: 30 of Set 1 | salaga,gh
Processing Record: 31 of Set 1 | mpongwe,zm
Processing Record: 32 of Set 1 | hermanus,za
Processing Record: 33 of Set 1 | yar-sale,ru
Processing Record: 34 of Set 1 | aasiaat,gl
Processing Record: 35 of Set 1 | zhangye,cn
Processing Record: 36 of Set 1 | ribeira grande,pt
Processing Record: 37 of Set 1 | villa del rosario,ve
Processing Record: 38 of Set 1 | sitka,us
Processing Record: 39 of Set 1 | kuche,cn
City not found. Skipping...
Processing Record: 40 of Set 1 | port-cartier,ca
Processing Record: 41 of Set 1 | yuanping,cn
Processing Record: 42 of Set 1 | taltal,cl
Processing Record: 43 of Set 1 | mount isa,au
Processing Record: 44 of Set 1 | egvekinot,ru
Processing Record: 45 of Set 1 | broken hill,au
Processing Record: 46 of Set 1 | jertih,my
Processing Record: 47 of Set 1 | dir,pk
Processing Record: 48 of Set 1 | rungata,ki
City not found. Skipping...
Processing Record: 49 of Set 1 | hambantota,lk
Processing Record: 50 of Set 1 | tessalit,ml
Processing Record: 0 of Set 2 | lompoc,us
Processing Record: 1 of Set 2 | khonuu,ru
City not found. Skipping...
Processing Record: 2 of Set 2 | sorland,no
Processing Record: 3 of Set 2 | lorengau,pg
Processing Record: 4 of Set 2 | itoman,jp
Processing Record: 5 of Set 2 | tsumeb,na
Processing Record: 6 of Set 2 | barra do garcas,br
Processing Record: 7 of Set 2 | chuy,uy
Processing Record: 8 of Set 2 | khatanga,ru
Processing Record: 9 of Set 2 | pokaran,in
Processing Record: 10 of Set 2 | male,mv
Processing Record: 11 of Set 2 | durban,za
Processing Record: 12 of Set 2 | gimli,ca
Processing Record: 13 of Set 2 | vaitupu,wf
City not found. Skipping...
Processing Record: 14 of Set 2 | rawson,ar
Processing Record: 15 of Set 2 | tura,ru
Processing Record: 16 of Set 2 | jiuquan,cn
Processing Record: 17 of Set 2 | maykain,kz
City not found. Skipping...
Processing Record: 18 of Set 2 | casma,pe
Processing Record: 19 of Set 2 | martil,ma
Processing Record: 20 of Set 2 | kropotkin,ru
Processing Record: 21 of Set 2 | dhandhuka,in
Processing Record: 22 of Set 2 | saint-philippe,re
Processing Record: 23 of Set 2 | calvia,es
Processing Record: 24 of Set 2 | khandyga,ru
Processing Record: 25 of Set 2 | hirara,jp
Processing Record: 26 of Set 2 | umm bab,qa
Processing Record: 27 of Set 2 | college,us
Processing Record: 28 of Set 2 | rock sound,bs
Processing Record: 29 of Set 2 | ambon,id
Processing Record: 30 of Set 2 | trelew,ar
Processing Record: 31 of Set 2 | bambanglipuro,id
Processing Record: 32 of Set 2 | warrington,us
Processing Record: 33 of Set 2 | tezu,in
Processing Record: 34 of Set 2 | springbok,za
Processing Record: 35 of Set 2 | terrace,ca
Processing Record: 36 of Set 2 | bilibino,ru
Processing Record: 37 of Set 2 | yatou,cn
Processing Record: 38 of Set 2 | fallon,us
Processing Record: 39 of Set 2 | kavali,in
Processing Record: 40 of Set 2 | olafsvik,is
City not found. Skipping...
Processing Record: 41 of Set 2 | huangnihe,cn
Processing Record: 42 of Set 2 | matadi,cd
Processing Record: 43 of Set 2 | suicheng,cn
Processing Record: 44 of Set 2 | yebaishou,cn
Processing Record: 45 of Set 2 | marsa matruh,eg
Processing Record: 46 of Set 2 | urdzhar,kz
City not found. Skipping...
Processing Record: 47 of Set 2 | esperance,au
Processing Record: 48 of Set 2 | pingliang,cn
Processing Record: 49 of Set 2 | onguday,ru
Processing Record: 0 of Set 3 | inhambane,mz
Processing Record: 1 of Set 3 | padang,id
Processing Record: 2 of Set 3 | atuona,pf
Processing Record: 3 of Set 3 | acapulco,mx
Processing Record: 4 of Set 3 | igunga,tz
Processing Record: 5 of Set 3 | aksu,cn
Processing Record: 6 of Set 3 | uchaly,ru
Processing Record: 7 of Set 3 | la rioja,ar
Processing Record: 8 of Set 3 | plettenberg bay,za
Processing Record: 9 of Set 3 | cap malheureux,mu
Processing Record: 10 of Set 3 | muskegon heights,us
Processing Record: 11 of Set 3 | kodiak,us
Processing Record: 12 of Set 3 | klaksvik,fo
Processing Record: 13 of Set 3 | soyo,ao
Processing Record: 14 of Set 3 | ixtapa,mx
Processing Record: 15 of Set 3 | haines junction,ca
Processing Record: 16 of Set 3 | kaoma,zm
Processing Record: 17 of Set 3 | jinka,et
Processing Record: 18 of Set 3 | arraial do cabo,br
Processing Record: 19 of Set 3 | kamenskoye,ru
City not found. Skipping...
Processing Record: 20 of Set 3 | khasan,ru
Processing Record: 21 of Set 3 | te anau,nz
Processing Record: 22 of Set 3 | qinzhou,cn
Processing Record: 23 of Set 3 | talnakh,ru
Processing Record: 24 of Set 3 | dukat,ru
Processing Record: 25 of Set 3 | belushya guba,ru
City not found. Skipping...
Processing Record: 26 of Set 3 | birao,cf
Processing Record: 27 of Set 3 | collie,au
Processing Record: 28 of Set 3 | panama city,us
Processing Record: 29 of Set 3 | conroe,us
Processing Record: 30 of Set 3 | pokhara,np
Processing Record: 31 of Set 3 | negrar,it
Processing Record: 32 of Set 3 | mogadishu,so
Processing Record: 33 of Set 3 | sentyabrskiy,ru
City not found. Skipping...
Processing Record: 34 of Set 3 | fortuna,us
Processing Record: 35 of Set 3 | chauk,mm
Processing Record: 36 of Set 3 | lucea,jm
Processing Record: 37 of Set 3 | kieta,pg
Processing Record: 38 of Set 3 | kahului,us
Processing Record: 39 of Set 3 | vetluga,ru
Processing Record: 40 of Set 3 | mayumba,ga
Processing Record: 41 of Set 3 | kuminskiy,ru
Processing Record: 42 of Set 3 | mae sai,th
Processing Record: 43 of Set 3 | altamira,br
Processing Record: 44 of Set 3 | salinopolis,br
Processing Record: 45 of Set 3 | vuktyl,ru
Processing Record: 46 of Set 3 | cantaura,ve
Processing Record: 47 of Set 3 | norman wells,ca
Processing Record: 48 of Set 3 | korla,cn
Processing Record: 49 of Set 3 | iquique,cl
Processing Record: 0 of Set 4 | cape town,za
Processing Record: 1 of Set 4 | aksarka,ru
Processing Record: 2 of Set 4 | srednekolymsk,ru
Processing Record: 3 of Set 4 | hofn,is
Processing Record: 4 of Set 4 | kingaroy,au
Processing Record: 5 of Set 4 | barentsburg,sj
City not found. Skipping...
Processing Record: 6 of Set 4 | ardistan,ir
City not found. Skipping...
Processing Record: 7 of Set 4 | madison,us
Processing Record: 8 of Set 4 | carnarvon,au
Processing Record: 9 of Set 4 | yankton,us
Processing Record: 10 of Set 4 | saint-augustin,ca
Processing Record: 11 of Set 4 | bombay,nz
Processing Record: 12 of Set 4 | meyungs,pw
City not found. Skipping...
Processing Record: 13 of Set 4 | hope,us
Processing Record: 14 of Set 4 | rabo de peixe,pt
Processing Record: 15 of Set 4 | vaini,to
Processing Record: 16 of Set 4 | saint george,bm
Processing Record: 17 of Set 4 | matagami,ca
Processing Record: 18 of Set 4 | kavieng,pg
Processing Record: 19 of Set 4 | cap-haitien,ht
Processing Record: 20 of Set 4 | hihifo,to
City not found. Skipping...
Processing Record: 21 of Set 4 | ponta do sol,cv
Processing Record: 22 of Set 4 | garissa,ke
Processing Record: 23 of Set 4 | lata,sb
City not found. Skipping...
Processing Record: 24 of Set 4 | sinnamary,gf
Processing Record: 25 of Set 4 | grande prairie,ca
Processing Record: 26 of Set 4 | louisbourg,ca
City not found. Skipping...
Processing Record: 27 of Set 4 | kazalinsk,kz
City not found. Skipping...
Processing Record: 28 of Set 4 | namibe,ao
Processing Record: 29 of Set 4 | zhigansk,ru
Processing Record: 30 of Set 4 | karakendzha,tj
City not found. Skipping...
Processing Record: 31 of Set 4 | san cristobal,ec
Processing Record: 32 of Set 4 | butaritari,ki
Processing Record: 33 of Set 4 | catumbela,ao
Processing Record: 34 of Set 4 | qaqortoq,gl
Processing Record: 35 of Set 4 | macau,br
Processing Record: 36 of Set 4 | tuktoyaktuk,ca
Processing Record: 37 of Set 4 | victoria,sc
Processing Record: 38 of Set 4 | pandamatenga,bw
Processing Record: 39 of Set 4 | saint-joseph,re
Processing Record: 40 of Set 4 | selma,us
Processing Record: 41 of Set 4 | nam tha,la
City not found. Skipping...
Processing Record: 42 of Set 4 | neiafu,to
Processing Record: 43 of Set 4 | florianopolis,br
Processing Record: 44 of Set 4 | jacareacanga,br
Processing Record: 45 of Set 4 | bouna,ci
Processing Record: 46 of Set 4 | yamethin,mm
Processing Record: 47 of Set 4 | verkhnyaya inta,ru
Processing Record: 48 of Set 4 | arbazh,ru
Processing Record: 49 of Set 4 | riobamba,ec
Processing Record: 0 of Set 5 | wencheng,cn
Processing Record: 1 of Set 5 | balikpapan,id
Processing Record: 2 of Set 5 | lazurne,ua
Processing Record: 3 of Set 5 | dondaicha,in
Processing Record: 4 of Set 5 | presidente epitacio,br
Processing Record: 5 of Set 5 | aitape,pg
Processing Record: 6 of Set 5 | turinskaya sloboda,ru
Processing Record: 7 of Set 5 | mpraeso,gh
Processing Record: 8 of Set 5 | bethel,us
Processing Record: 9 of Set 5 | yulara,au
Processing Record: 10 of Set 5 | kaz,ru
Processing Record: 11 of Set 5 | ruatoria,nz
City not found. Skipping...
Processing Record: 12 of Set 5 | indiaroba,br
Processing Record: 13 of Set 5 | glyadyanskoye,ru
Processing Record: 14 of Set 5 | longyearbyen,sj
Processing Record: 15 of Set 5 | kikwit,cd
Processing Record: 16 of Set 5 | portarlington,ie
Processing Record: 17 of Set 5 | san patricio,mx
Processing Record: 18 of Set 5 | celles,be
Processing Record: 19 of Set 5 | camaqua,br
Processing Record: 20 of Set 5 | jasper,us
Processing Record: 21 of Set 5 | havelock,us
Processing Record: 22 of Set 5 | high level,ca
Processing Record: 23 of Set 5 | maizuru,jp
Processing Record: 24 of Set 5 | anderson,us
Processing Record: 25 of Set 5 | dedovichi,ru
Processing Record: 26 of Set 5 | kununurra,au
Processing Record: 27 of Set 5 | umm kaddadah,sd
Processing Record: 28 of Set 5 | kavaratti,in
Processing Record: 29 of Set 5 | hwange,zw
Processing Record: 30 of Set 5 | ercis,tr
Processing Record: 31 of Set 5 | gao,ml
Processing Record: 32 of Set 5 | praia da vitoria,pt
Processing Record: 33 of Set 5 | bria,cf
Processing Record: 34 of Set 5 | henties bay,na
Processing Record: 35 of Set 5 | attawapiskat,ca
City not found. Skipping...
Processing Record: 36 of Set 5 | mae hong son,th
Processing Record: 37 of Set 5 | puqi,cn
Processing Record: 38 of Set 5 | gaspe,ca
Processing Record: 39 of Set 5 | san vicente,ph
Processing Record: 40 of Set 5 | xam nua,la
Processing Record: 41 of Set 5 | malkara,tr
Processing Record: 42 of Set 5 | eureka,us
Processing Record: 43 of Set 5 | ibanda,ug
Processing Record: 44 of Set 5 | castle rock,us
Processing Record: 45 of Set 5 | shancheng,cn
Processing Record: 46 of Set 5 | peterhead,gb
Processing Record: 47 of Set 5 | zeya,ru
Processing Record: 48 of Set 5 | saskylakh,ru
Processing Record: 49 of Set 5 | saldanha,za
Processing Record: 0 of Set 6 | sept-iles,ca
Processing Record: 1 of Set 6 | marawi,sd
Processing Record: 2 of Set 6 | finschhafen,pg
Processing Record: 3 of Set 6 | svarstad,no
Processing Record: 4 of Set 6 | bealanana,mg
Processing Record: 5 of Set 6 | muzaffarabad,pk
Processing Record: 6 of Set 6 | saleaula,ws
City not found. Skipping...
Processing Record: 7 of Set 6 | port macquarie,au
Processing Record: 8 of Set 6 | dolores,ph
Processing Record: 9 of Set 6 | premia de mar,es
Processing Record: 10 of Set 6 | sembakung,id
Processing Record: 11 of Set 6 | yanan,cn
City not found. Skipping...
Processing Record: 12 of Set 6 | pitimbu,br
Processing Record: 13 of Set 6 | hulan ergi,cn
Processing Record: 14 of Set 6 | port alfred,za
Processing Record: 15 of Set 6 | gondar,et
City not found. Skipping...
Processing Record: 16 of Set 6 | provideniya,ru
Processing Record: 17 of Set 6 | altay,cn
Processing Record: 18 of Set 6 | toliary,mg
City not found. Skipping...
Processing Record: 19 of Set 6 | hithadhoo,mv
Processing Record: 20 of Set 6 | lumeje,ao
Processing Record: 21 of Set 6 | margate,za
Processing Record: 22 of Set 6 | tsihombe,mg
City not found. Skipping...
Processing Record: 23 of Set 6 | igarka,ru
Processing Record: 24 of Set 6 | bredasdorp,za
Processing Record: 25 of Set 6 | nizhneyansk,ru
City not found. Skipping...
Processing Record: 26 of Set 6 | honiara,sb
Processing Record: 27 of Set 6 | vardo,no
Processing Record: 28 of Set 6 | busselton,au
Processing Record: 29 of Set 6 | samarai,pg
Processing Record: 30 of Set 6 | coihaique,cl
Processing Record: 31 of Set 6 | hailar,cn
Processing Record: 32 of Set 6 | grand river south east,mu
City not found. Skipping...
Processing Record: 33 of Set 6 | upernavik,gl
Processing Record: 34 of Set 6 | narsaq,gl
Processing Record: 35 of Set 6 | przhevalskoye,ru
Processing Record: 36 of Set 6 | parati,br
Processing Record: 37 of Set 6 | chapais,ca
Processing Record: 38 of Set 6 | aswan,eg
Processing Record: 39 of Set 6 | pocatello,us
Processing Record: 40 of Set 6 | san pedro,bz
Processing Record: 41 of Set 6 | bontang,id
Processing Record: 42 of Set 6 | maceio,br
Processing Record: 43 of Set 6 | liku,wf
City not found. Skipping...
Processing Record: 44 of Set 6 | bishop auckland,gb
Processing Record: 45 of Set 6 | atambua,id
Processing Record: 46 of Set 6 | artyk,ru
City not found. Skipping...
Processing Record: 47 of Set 6 | roebourne,au
Processing Record: 48 of Set 6 | miraflores,co
Processing Record: 49 of Set 6 | baijiantan,cn
Processing Record: 0 of Set 7 | souillac,mu
Processing Record: 1 of Set 7 | hellvik,no
Processing Record: 2 of Set 7 | ketchikan,us
Processing Record: 3 of Set 7 | smidovich,ru
Processing Record: 4 of Set 7 | talaya,ru
Processing Record: 5 of Set 7 | bintulu,my
Processing Record: 6 of Set 7 | kiruna,se
Processing Record: 7 of Set 7 | puerto escondido,mx
Processing Record: 8 of Set 7 | rikitea,pf
Processing Record: 9 of Set 7 | jumla,np
Processing Record: 10 of Set 7 | elizabeth city,us
Processing Record: 11 of Set 7 | binabalian,ph
City not found. Skipping...
Processing Record: 12 of Set 7 | diego de almagro,cl
Processing Record: 13 of Set 7 | beringovskiy,ru
Processing Record: 14 of Set 7 | cherskiy,ru
Processing Record: 15 of Set 7 | airai,pw
City not found. Skipping...
Processing Record: 16 of Set 7 | bakchar,ru
Processing Record: 17 of Set 7 | caravelas,br
Processing Record: 18 of Set 7 | eatonton,us
Processing Record: 19 of Set 7 | evensk,ru
Processing Record: 20 of Set 7 | rosetta,eg
Processing Record: 21 of Set 7 | juneau,us
Processing Record: 22 of Set 7 | salalah,om
Processing Record: 23 of Set 7 | bilma,ne
Processing Record: 24 of Set 7 | la ronge,ca
Processing Record: 25 of Set 7 | harper,lr
Processing Record: 26 of Set 7 | waingapu,id
Processing Record: 27 of Set 7 | peniche,pt
Processing Record: 28 of Set 7 | punta arenas,cl
Processing Record: 29 of Set 7 | vung tau,vn
Processing Record: 30 of Set 7 | lesosibirsk,ru
Processing Record: 31 of Set 7 | senno,by
City not found. Skipping...
Processing Record: 32 of Set 7 | mairang,in
Processing Record: 33 of Set 7 | faanui,pf
Processing Record: 34 of Set 7 | saint-francois,gp
Processing Record: 35 of Set 7 | thompson,ca
Processing Record: 36 of Set 7 | lebu,cl
Processing Record: 37 of Set 7 | yeppoon,au
Processing Record: 38 of Set 7 | dinghai,cn
Processing Record: 39 of Set 7 | fukue,jp
Processing Record: 40 of Set 7 | santiago,co
Processing Record: 41 of Set 7 | ridgecrest,us
Processing Record: 42 of Set 7 | sibi,pk
Processing Record: 43 of Set 7 | maturin,ve
Processing Record: 44 of Set 7 | grand-santi,gf
Processing Record: 45 of Set 7 | nanortalik,gl
Processing Record: 46 of Set 7 | chivay,pe
Processing Record: 47 of Set 7 | guarapari,br
Processing Record: 48 of Set 7 | kangaatsiaq,gl
Processing Record: 49 of Set 7 | mys shmidta,ru
City not found. Skipping...
Processing Record: 0 of Set 8 | mackay,au
Processing Record: 1 of Set 8 | solenzo,bf
Processing Record: 2 of Set 8 | pimenta bueno,br
Processing Record: 3 of Set 8 | moose factory,ca
Processing Record: 4 of Set 8 | vila,vu
City not found. Skipping...
Processing Record: 5 of Set 8 | peleduy,ru
Processing Record: 6 of Set 8 | nyurba,ru
Processing Record: 7 of Set 8 | kalemie,cd
Processing Record: 8 of Set 8 | kalaleh,ir
Processing Record: 9 of Set 8 | tuatapere,nz
Processing Record: 10 of Set 8 | grand gaube,mu
Processing Record: 11 of Set 8 | kibala,ao
City not found. Skipping...
Processing Record: 12 of Set 8 | codrington,ag
City not found. Skipping...
Processing Record: 13 of Set 8 | longavi,cl
Processing Record: 14 of Set 8 | cabo san lucas,mx
Processing Record: 15 of Set 8 | east london,za
Processing Record: 16 of Set 8 | koulamoutou,ga
Processing Record: 17 of Set 8 | mbini,gq
Processing Record: 18 of Set 8 | merauke,id
Processing Record: 19 of Set 8 | walvis bay,na
Processing Record: 20 of Set 8 | severo-kurilsk,ru
Processing Record: 21 of Set 8 | kambove,cd
Processing Record: 22 of Set 8 | metro,id
Processing Record: 23 of Set 8 | qalyub,eg
Processing Record: 24 of Set 8 | ormara,pk
Processing Record: 25 of Set 8 | pevek,ru
Processing Record: 26 of Set 8 | kurilsk,ru
Processing Record: 27 of Set 8 | nemuro,jp
Processing Record: 28 of Set 8 | mar del plata,ar
Processing Record: 29 of Set 8 | bambous virieux,mu
Processing Record: 30 of Set 8 | qaanaaq,gl
Processing Record: 31 of Set 8 | dikson,ru
Processing Record: 32 of Set 8 | mujiayingzi,cn
Processing Record: 33 of Set 8 | mayskiy,ru
Processing Record: 34 of Set 8 | mataura,pf
City not found. Skipping...
Processing Record: 35 of Set 8 | vestmannaeyjar,is
Processing Record: 36 of Set 8 | rapid valley,us
Processing Record: 37 of Set 8 | port hawkesbury,ca
Processing Record: 38 of Set 8 | ondangwa,na
Processing Record: 39 of Set 8 | port hardy,ca
Processing Record: 40 of Set 8 | seydi,tm
Processing Record: 41 of Set 8 | darhan,mn
Processing Record: 42 of Set 8 | beidao,cn
Processing Record: 43 of Set 8 | yellowknife,ca
Processing Record: 44 of Set 8 | taburbah,tn
City not found. Skipping...
Processing Record: 45 of Set 8 | paita,pe
Processing Record: 46 of Set 8 | rocha,uy
Processing Record: 47 of Set 8 | yetkul,ru
Processing Record: 48 of Set 8 | lavrentiya,ru
Processing Record: 49 of Set 8 | binzhou,cn
Processing Record: 0 of Set 9 | ilulissat,gl
Processing Record: 1 of Set 9 | cidreira,br
Processing Record: 2 of Set 9 | boyolangu,id
Processing Record: 3 of Set 9 | avarua,ck
Processing Record: 4 of Set 9 | constitucion,cl
Processing Record: 5 of Set 9 | deputatskiy,ru
Processing Record: 6 of Set 9 | landau,de
Processing Record: 7 of Set 9 | chase,ca
Processing Record: 8 of Set 9 | urumqi,cn
City not found. Skipping...
Processing Record: 9 of Set 9 | katsuura,jp
Processing Record: 10 of Set 9 | banmo,mm
City not found. Skipping...
Processing Record: 11 of Set 9 | marcona,pe
City not found. Skipping...
Processing Record: 12 of Set 9 | durham,us
Processing Record: 13 of Set 9 | necochea,ar
Processing Record: 14 of Set 9 | amahai,id
Processing Record: 15 of Set 9 | cardston,ca
Processing Record: 16 of Set 9 | mbandaka,cd
Processing Record: 17 of Set 9 | nizhniy tsasuchey,ru
Processing Record: 18 of Set 9 | portland,au
Processing Record: 19 of Set 9 | hobart,au
Processing Record: 20 of Set 9 | tumannyy,ru
City not found. Skipping...
Processing Record: 21 of Set 9 | sioux lookout,ca
Processing Record: 22 of Set 9 | port-gentil,ga
Processing Record: 23 of Set 9 | mahajanga,mg
Processing Record: 24 of Set 9 | shingu,jp
Processing Record: 25 of Set 9 | talara,pe
Processing Record: 26 of Set 9 | rifu,jp
Processing Record: 27 of Set 9 | gladstone,au
Processing Record: 28 of Set 9 | cockburn town,tc
Processing Record: 29 of Set 9 | nikolskoye,ru
Processing Record: 30 of Set 9 | richards bay,za
Processing Record: 31 of Set 9 | sungaipenuh,id
Processing Record: 32 of Set 9 | ushuaia,ar
Processing Record: 33 of Set 9 | praia,cv
Processing Record: 34 of Set 9 | rudbar,af
Processing Record: 35 of Set 9 | svetlogorsk,ru
Processing Record: 36 of Set 9 | ahipara,nz
Processing Record: 37 of Set 9 | falmouth,us
Processing Record: 38 of Set 9 | shimoda,jp
Processing Record: 39 of Set 9 | georgetown,sh
Processing Record: 40 of Set 9 | comodoro rivadavia,ar
Processing Record: 41 of Set 9 | luderitz,na
Processing Record: 42 of Set 9 | tidore,id
City not found. Skipping...
Processing Record: 43 of Set 9 | husavik,is
Processing Record: 44 of Set 9 | pisco,pe
Processing Record: 45 of Set 9 | bafoussam,cm
Processing Record: 46 of Set 9 | bonthe,sl
Processing Record: 47 of Set 9 | shibata,jp
Processing Record: 48 of Set 9 | elwood,us
Processing Record: 49 of Set 9 | puerto colombia,co
Processing Record: 0 of Set 10 | ruian,cn
City not found. Skipping...
Processing Record: 1 of Set 10 | lasa,cn
City not found. Skipping...
Processing Record: 2 of Set 10 | mayo,ca
Processing Record: 3 of Set 10 | khilok,ru
Processing Record: 4 of Set 10 | asau,tv
City not found. Skipping...
Processing Record: 5 of Set 10 | vernon,ca
Processing Record: 6 of Set 10 | oranjemund,na
Processing Record: 7 of Set 10 | kutum,sd
Processing Record: 8 of Set 10 | skeldon,gy
Processing Record: 9 of Set 10 | russell,nz
Processing Record: 10 of Set 10 | acarau,br
City not found. Skipping...
Processing Record: 11 of Set 10 | takob,tj
City not found. Skipping...
Processing Record: 12 of Set 10 | colon,pa
Processing Record: 13 of Set 10 | boguchany,ru
Processing Record: 14 of Set 10 | torbay,ca
Processing Record: 15 of Set 10 | zhanaozen,kz
Processing Record: 16 of Set 10 | bang pakong,th
Processing Record: 17 of Set 10 | lagoa,pt
Processing Record: 18 of Set 10 | dubti,et
Processing Record: 19 of Set 10 | leningradskiy,ru
Processing Record: 20 of Set 10 | viseu,br
Processing Record: 21 of Set 10 | strezhevoy,ru
Processing Record: 22 of Set 10 | okhotsk,ru
Processing Record: 23 of Set 10 | tanout,ne
Processing Record: 24 of Set 10 | geraldton,au
Processing Record: 25 of Set 10 | hay river,ca
Processing Record: 26 of Set 10 | laguna,br
City not found. Skipping...
Processing Record: 27 of Set 10 | nongstoin,in
Processing Record: 28 of Set 10 | eyl,so
Processing Record: 29 of Set 10 | manzhouli,cn
Processing Record: 30 of Set 10 | amderma,ru
City not found. Skipping...
Processing Record: 31 of Set 10 | barrow,us
Processing Record: 32 of Set 10 | broome,au
Processing Record: 33 of Set 10 | kirensk,ru
Processing Record: 34 of Set 10 | golkoy,tr
Processing Record: 35 of Set 10 | albany,au
Processing Record: 36 of Set 10 | rio gallegos,ar
Processing Record: 37 of Set 10 | malkangiri,in
Processing Record: 38 of Set 10 | hasaki,jp
Processing Record: 39 of Set 10 | port hedland,au
Processing Record: 40 of Set 10 | belgaum,in
Processing Record: 41 of Set 10 | wahran,dz
City not found. Skipping...
Processing Record: 42 of Set 10 | keti bandar,pk
Processing Record: 43 of Set 10 | sisimiut,gl
Processing Record: 44 of Set 10 | manzanillo,mx
Processing Record: 45 of Set 10 | naze,jp
Processing Record: 46 of Set 10 | brezno,sk
Processing Record: 47 of Set 10 | akureyri,is
Processing Record: 48 of Set 10 | konza,ke
Processing Record: 49 of Set 10 | comarapa,bo
Processing Record: 0 of Set 11 | plainview,us
Processing Record: 1 of Set 11 | lolua,tv
City not found. Skipping...
Processing Record: 2 of Set 11 | illoqqortoormiut,gl
City not found. Skipping...
Processing Record: 3 of Set 11 | bluff,nz
Processing Record: 4 of Set 11 | ahuimanu,us
Processing Record: 5 of Set 11 | bubaque,gw
Processing Record: 6 of Set 11 | sur,om
Processing Record: 7 of Set 11 | camopi,gf
Processing Record: 8 of Set 11 | aklavik,ca
Processing Record: 9 of Set 11 | mount pleasant,us
Processing Record: 10 of Set 11 | raozan,bd
City not found. Skipping...
Processing Record: 11 of Set 11 | tazmalt,dz
Processing Record: 12 of Set 11 | diamantino,br
Processing Record: 13 of Set 11 | hilo,us
Processing Record: 14 of Set 11 | vaitape,pf
Processing Record: 15 of Set 11 | puerto ayora,ec
Processing Record: 16 of Set 11 | palabuhanratu,id
City not found. Skipping...
Processing Record: 17 of Set 11 | manggar,id
Processing Record: 18 of Set 11 | japura,br
City not found. Skipping...
Processing Record: 19 of Set 11 | ambilobe,mg
Processing Record: 20 of Set 11 | constitucion,mx
Processing Record: 21 of Set 11 | hamilton,bm
Processing Record: 22 of Set 11 | marseille,fr
Processing Record: 23 of Set 11 | paralimni,cy
Processing Record: 24 of Set 11 | castro,cl
Processing Record: 25 of Set 11 | nome,us
Processing Record: 26 of Set 11 | buarcos,pt
Processing Record: 27 of Set 11 | sliven,bg
Processing Record: 28 of Set 11 | springdale,ca
Processing Record: 29 of Set 11 | doha,kw
City not found. Skipping...
Processing Record: 30 of Set 11 | ancud,cl
Processing Record: 31 of Set 11 | samusu,ws
City not found. Skipping...
Processing Record: 32 of Set 11 | atbasar,kz
Processing Record: 33 of Set 11 | whyalla,au
Processing Record: 34 of Set 11 | kuanhsi,tw
City not found. Skipping...
Processing Record: 35 of Set 11 | bargal,so
City not found. Skipping...
Processing Record: 36 of Set 11 | kruisfontein,za
Processing Record: 37 of Set 11 | westport,ie
Processing Record: 38 of Set 11 | san andres,co
Processing Record: 39 of Set 11 | areosa,pt
Processing Record: 40 of Set 11 | camacha,pt
Processing Record: 41 of Set 11 | tungkang,tw
City not found. Skipping...
Processing Record: 42 of Set 11 | faya,td
City not found. Skipping...
Processing Record: 43 of Set 11 | santa rosa,br
Processing Record: 44 of Set 11 | kyaiklat,mm
Processing Record: 45 of Set 11 | vilhena,br
Processing Record: 46 of Set 11 | naklo nad notecia,pl
Processing Record: 47 of Set 11 | pontianak,id
Processing Record: 48 of Set 11 | lagos,ng
Processing Record: 49 of Set 11 | port elizabeth,za
Processing Record: 0 of Set 12 | tasiilaq,gl
Processing Record: 1 of Set 12 | severnyy,ru
City not found. Skipping...
Processing Record: 2 of Set 12 | gorontalo,id
Processing Record: 3 of Set 12 | paso de carrasco,uy
Processing Record: 4 of Set 12 | vokhma,ru
Processing Record: 5 of Set 12 | ciras,af
City not found. Skipping...
Processing Record: 6 of Set 12 | semirom,ir
Processing Record: 7 of Set 12 | taolanaro,mg
City not found. Skipping...
Processing Record: 8 of Set 12 | burhaniye,tr
Processing Record: 9 of Set 12 | tiksi,ru
Processing Record: 10 of Set 12 | yerbogachen,ru
Processing Record: 11 of Set 12 | florian,co
Processing Record: 12 of Set 12 | iberia,pe
Processing Record: 13 of Set 12 | la ciotat,fr
Processing Record: 14 of Set 12 | ulaangom,mn
Processing Record: 15 of Set 12 | samalaeulu,ws
City not found. Skipping...
Processing Record: 16 of Set 12 | mananjary,mg
Processing Record: 17 of Set 12 | jamestown,sh
Processing Record: 18 of Set 12 | goderich,sl
City not found. Skipping...
Processing Record: 19 of Set 12 | lampazos de naranjo,mx
Processing Record: 20 of Set 12 | tumaco,co
Processing Record: 21 of Set 12 | leh,in
Processing Record: 22 of Set 12 | saraipali,in
Processing Record: 23 of Set 12 | presidencia roque saenz pena,ar
Processing Record: 24 of Set 12 | makakilo city,us
Processing Record: 25 of Set 12 | tiruvottiyur,in
City not found. Skipping...
Processing Record: 26 of Set 12 | kapaa,us
Processing Record: 27 of Set 12 | akyab,mm
City not found. Skipping...
Processing Record: 28 of Set 12 | mahebourg,mu
Processing Record: 29 of Set 12 | kaitangata,nz
Processing Record: 30 of Set 12 | mocuba,mz
Processing Record: 31 of Set 12 | marsh harbour,bs
Processing Record: 32 of Set 12 | fare,pf
Processing Record: 33 of Set 12 | bengkulu,id
City not found. Skipping...
Processing Record: 34 of Set 12 | hami,cn
Processing Record: 35 of Set 12 | asyut,eg
Processing Record: 36 of Set 12 | hualmay,pe
Processing Record: 37 of Set 12 | auki,sb
Processing Record: 38 of Set 12 | iqaluit,ca
Processing Record: 39 of Set 12 | dunedin,nz
Processing Record: 40 of Set 12 | laurel,us
Processing Record: 41 of Set 12 | surenavan,am
Processing Record: 42 of Set 12 | northam,au
Processing Record: 43 of Set 12 | grinnell,us
Processing Record: 44 of Set 12 | coquimbo,cl
Processing Record: 45 of Set 12 | nara,ml
Processing Record: 46 of Set 12 | petropavlovsk-kamchatskiy,ru
Processing Record: 47 of Set 12 | vorukh,tj
Processing Record: 1 of Set 1 | scottsbluff,us
Processing Record: 2 of Set 1 | wasilla,us
Processing Record: 3 of Set 1 | chokurdakh,ru
Processing Record: 4 of Set 1 | sur,om
Processing Record: 5 of Set 1 | teya,ru
Processing Record: 6 of Set 1 | formosa,br
Processing Record: 7 of Set 1 | egvekinot,ru
Processing Record: 8 of Set 1 | williams lake,ca
Processing Record: 9 of Set 1 | puerto escondido,mx
Processing Record: 10 of Set 1 | tasiilaq,gl
Processing Record: 11 of Set 1 | hita,jp
Processing Record: 12 of Set 1 | puerto triunfo,co
Processing Record: 13 of Set 1 | brnakot,am
Processing Record: 14 of Set 1 | hoquiam,us
Processing Record: 15 of Set 1 | la paz,mx
Processing Record: 16 of Set 1 | victoria,sc
Processing Record: 17 of Set 1 | fare,pf
Processing Record: 18 of Set 1 | eskasem,af
City not found. Skipping...
Processing Record: 19 of Set 1 | tabou,ci
Processing Record: 20 of Set 1 | deputatskiy,ru
Processing Record: 21 of Set 1 | berdsk,ru
Processing Record: 22 of Set 1 | baykalovo,ru
Processing Record: 23 of Set 1 | alofi,nu
Processing Record: 24 of Set 1 | carnarvon,au
Processing Record: 25 of Set 1 | kutum,sd
Processing Record: 26 of Set 1 | opuwo,na
Processing Record: 27 of Set 1 | naryan-mar,ru
Processing Record: 28 of Set 1 | vagur,fo
Processing Record: 29 of Set 1 | wuan,cn
Processing Record: 30 of Set 1 | muravlenko,ru
Processing Record: 31 of Set 1 | rincon,an
City not found. Skipping...
Processing Record: 32 of Set 1 | camapua,br
Processing Record: 33 of Set 1 | touros,br
Processing Record: 34 of Set 1 | ewa beach,us
Processing Record: 35 of Set 1 | batagay-alyta,ru
Processing Record: 36 of Set 1 | koutsouras,gr
Processing Record: 37 of Set 1 | lebu,cl
Processing Record: 38 of Set 1 | batsfjord,no
Processing Record: 39 of Set 1 | chilca,pe
Processing Record: 40 of Set 1 | mayor pablo lagerenza,py
Processing Record: 41 of Set 1 | college,us
Processing Record: 42 of Set 1 | udachnyy,ru
Processing Record: 43 of Set 1 | palabuhanratu,id
City not found. Skipping...
Processing Record: 44 of Set 1 | phan thiet,vn
Processing Record: 45 of Set 1 | namibe,ao
Processing Record: 46 of Set 1 | khanapur,in
Processing Record: 47 of Set 1 | vestmannaeyjar,is
Processing Record: 48 of Set 1 | junnar,in
Processing Record: 49 of Set 1 | lundazi,zm
Processing Record: 50 of Set 1 | lata,sb
City not found. Skipping...
Processing Record: 0 of Set 2 | ijaki,ki
City not found. Skipping...
Processing Record: 1 of Set 2 | zermatt,ch
Processing Record: 2 of Set 2 | mapastepec,mx
Processing Record: 3 of Set 2 | chuy,uy
Processing Record: 4 of Set 2 | jasper,ca
Processing Record: 5 of Set 2 | yokadouma,cm
Processing Record: 6 of Set 2 | berlevag,no
Processing Record: 7 of Set 2 | east london,za
Processing Record: 8 of Set 2 | bredasdorp,za
Processing Record: 9 of Set 2 | vieux-habitants,gp
Processing Record: 10 of Set 2 | takoradi,gh
Processing Record: 11 of Set 2 | rocha,uy
Processing Record: 12 of Set 2 | lagoa,pt
Processing Record: 13 of Set 2 | dinguiraye,gn
Processing Record: 14 of Set 2 | cardston,ca
Processing Record: 15 of Set 2 | moiyabana,bw
City not found. Skipping...
Processing Record: 16 of Set 2 | aswan,eg
Processing Record: 17 of Set 2 | ocean city,us
Processing Record: 18 of Set 2 | padang,id
Processing Record: 19 of Set 2 | olinda,br
Processing Record: 20 of Set 2 | nishihara,jp
Processing Record: 21 of Set 2 | bella vista,us
Processing Record: 22 of Set 2 | nago,jp
Processing Record: 23 of Set 2 | aykhal,ru
Processing Record: 24 of Set 2 | pitimbu,br
Processing Record: 25 of Set 2 | gamboma,cg
Processing Record: 26 of Set 2 | road town,vg
Processing Record: 27 of Set 2 | flinders,au
Processing Record: 28 of Set 2 | agadez,ne
Processing Record: 29 of Set 2 | newcastle,au
Processing Record: 30 of Set 2 | kodiak,us
Processing Record: 31 of Set 2 | yulara,au
Processing Record: 32 of Set 2 | bimbo,cf
Processing Record: 33 of Set 2 | san carlos,bo
Processing Record: 34 of Set 2 | hermanus,za
Processing Record: 35 of Set 2 | luanda,ao
Processing Record: 36 of Set 2 | linkou,cn
Processing Record: 37 of Set 2 | hennebont,fr
Processing Record: 38 of Set 2 | adrar,dz
Processing Record: 39 of Set 2 | tahara,jp
Processing Record: 40 of Set 2 | krasnyye baki,ru
Processing Record: 41 of Set 2 | oussouye,sn
Processing Record: 42 of Set 2 | gilazi,az
City not found. Skipping...
Processing Record: 43 of Set 2 | kaohsiung,tw
Processing Record: 44 of Set 2 | buraydah,sa
Processing Record: 45 of Set 2 | tsihombe,mg
City not found. Skipping...
Processing Record: 46 of Set 2 | dakar,sn
Processing Record: 47 of Set 2 | manica,mz
Processing Record: 48 of Set 2 | mantua,cu
Processing Record: 49 of Set 2 | cidreira,br
Processing Record: 0 of Set 3 | harrisburg,us
Processing Record: 1 of Set 3 | karambakkudi,in
Processing Record: 2 of Set 3 | lerwick,gb
Processing Record: 3 of Set 3 | pangnirtung,ca
Processing Record: 4 of Set 3 | waingapu,id
Processing Record: 5 of Set 3 | chaman,pk
Processing Record: 6 of Set 3 | bambous virieux,mu
Processing Record: 7 of Set 3 | wenzhou,cn
Processing Record: 8 of Set 3 | baza,es
Processing Record: 9 of Set 3 | xinzhi,cn
Processing Record: 10 of Set 3 | parys,za
Processing Record: 11 of Set 3 | goya,ar
Processing Record: 12 of Set 3 | bud,no
Processing Record: 13 of Set 3 | aklavik,ca
Processing Record: 14 of Set 3 | kununurra,au
Processing Record: 15 of Set 3 | amapa,br
Processing Record: 16 of Set 3 | umba,ru
Processing Record: 17 of Set 3 | saint-pierre,pm
Processing Record: 18 of Set 3 | onega,ru
Processing Record: 19 of Set 3 | kalmunai,lk
Processing Record: 20 of Set 3 | carrollton,us
Processing Record: 21 of Set 3 | vanimo,pg
Processing Record: 22 of Set 3 | beringovskiy,ru
Processing Record: 23 of Set 3 | jamame,so
Processing Record: 24 of Set 3 | shakawe,bw
Processing Record: 25 of Set 3 | srandakan,id
Processing Record: 26 of Set 3 | dingle,ie
Processing Record: 27 of Set 3 | goma,cd
Processing Record: 28 of Set 3 | ketchikan,us
Processing Record: 29 of Set 3 | lucea,jm
Processing Record: 30 of Set 3 | ponta do sol,pt
Processing Record: 31 of Set 3 | huilong,cn
Processing Record: 32 of Set 3 | ibimirim,br
Processing Record: 33 of Set 3 | tessalit,ml
Processing Record: 34 of Set 3 | araouane,ml
Processing Record: 35 of Set 3 | jaen,pe
Processing Record: 36 of Set 3 | strezhevoy,ru
Processing Record: 37 of Set 3 | lexington,us
Processing Record: 38 of Set 3 | esmeraldas,ec
Processing Record: 39 of Set 3 | portland,us
Processing Record: 40 of Set 3 | vaini,to
Processing Record: 41 of Set 3 | lapy,pl
Processing Record: 42 of Set 3 | caucasia,co
Processing Record: 43 of Set 3 | belaya gora,ru
Processing Record: 44 of Set 3 | puerto ayora,ec
Processing Record: 45 of Set 3 | labrea,br
City not found. Skipping...
Processing Record: 46 of Set 3 | vryburg,za
Processing Record: 47 of Set 3 | tlyarota,ru
City not found. Skipping...
Processing Record: 48 of Set 3 | ikovka,ru
Processing Record: 49 of Set 3 | port alfred,za
Processing Record: 0 of Set 4 | bandarbeyla,so
Processing Record: 1 of Set 4 | vardo,no
Processing Record: 2 of Set 4 | bargarh,in
Processing Record: 3 of Set 4 | goderich,sl
City not found. Skipping...
Processing Record: 4 of Set 4 | zhigansk,ru
Processing Record: 5 of Set 4 | verkhoyansk,ru
Processing Record: 6 of Set 4 | port hardy,ca
Processing Record: 7 of Set 4 | bluff,nz
Processing Record: 8 of Set 4 | siocon,ph
Processing Record: 9 of Set 4 | okhotsk,ru
Processing Record: 10 of Set 4 | hithadhoo,mv
Processing Record: 11 of Set 4 | namatanai,pg
Processing Record: 12 of Set 4 | ostrovnoy,ru
Processing Record: 13 of Set 4 | hovd,mn
Processing Record: 14 of Set 4 | atuona,pf
Processing Record: 15 of Set 4 | malatya,tr
Processing Record: 16 of Set 4 | jutai,br
Processing Record: 17 of Set 4 | fleetwood,gb
Processing Record: 18 of Set 4 | itamaraju,br
Processing Record: 19 of Set 4 | falealupo,ws
City not found. Skipping...
Processing Record: 20 of Set 4 | vostok,ru
Processing Record: 21 of Set 4 | atambua,id
Processing Record: 22 of Set 4 | antalaha,mg
Processing Record: 23 of Set 4 | charters towers,au
Processing Record: 24 of Set 4 | gurlan,uz
Processing Record: 25 of Set 4 | umzimvubu,za
City not found. Skipping...
Processing Record: 26 of Set 4 | ondangwa,na
Processing Record: 27 of Set 4 | alpena,us
Processing Record: 28 of Set 4 | kavieng,pg
Processing Record: 29 of Set 4 | abong mbang,cm
Processing Record: 30 of Set 4 | thinadhoo,mv
Processing Record: 31 of Set 4 | castro,cl
Processing Record: 32 of Set 4 | jamestown,sh
Processing Record: 33 of Set 4 | takhtamygda,ru
Processing Record: 34 of Set 4 | aktash,uz
City not found. Skipping...
Processing Record: 35 of Set 4 | klaksvik,fo
Processing Record: 36 of Set 4 | bulawayo,zw
Processing Record: 37 of Set 4 | quatre cocos,mu
Processing Record: 38 of Set 4 | busselton,au
Processing Record: 39 of Set 4 | yabrud,sy
Processing Record: 40 of Set 4 | kavaratti,in
Processing Record: 41 of Set 4 | hobart,au
Processing Record: 42 of Set 4 | maracacume,br
Processing Record: 43 of Set 4 | opunake,nz
Processing Record: 44 of Set 4 | trincomalee,lk
Processing Record: 45 of Set 4 | krasnyy chikoy,ru
Processing Record: 46 of Set 4 | dekernes,eg
Processing Record: 47 of Set 4 | awbari,ly
Processing Record: 48 of Set 4 | bonavista,ca
Processing Record: 49 of Set 4 | kimberley,za
Processing Record: 0 of Set 5 | port shepstone,za
Processing Record: 1 of Set 5 | hulan ergi,cn
Processing Record: 2 of Set 5 | fredericton,ca
Processing Record: 3 of Set 5 | barrow,us
Processing Record: 4 of Set 5 | hasaki,jp
Processing Record: 5 of Set 5 | herat,af
Processing Record: 6 of Set 5 | shelburne,ca
Processing Record: 7 of Set 5 | kakanj,ba
Processing Record: 8 of Set 5 | kennett,us
Processing Record: 9 of Set 5 | saldanha,za
Processing Record: 10 of Set 5 | oskarshamn,se
Processing Record: 11 of Set 5 | lasa,cn
City not found. Skipping...
Processing Record: 12 of Set 5 | morropon,pe
Processing Record: 13 of Set 5 | matara,lk
Processing Record: 14 of Set 5 | katha,mm
City not found. Skipping...
Processing Record: 15 of Set 5 | iracoubo,gf
Processing Record: 16 of Set 5 | ixtapa,mx
Processing Record: 17 of Set 5 | nikolskoye,ru
Processing Record: 18 of Set 5 | maragogi,br
Processing Record: 19 of Set 5 | north bend,us
Processing Record: 20 of Set 5 | puerto leguizamo,co
Processing Record: 21 of Set 5 | san patricio,mx
Processing Record: 22 of Set 5 | ayan,ru
City not found. Skipping...
Processing Record: 23 of Set 5 | tiksi,ru
Processing Record: 24 of Set 5 | lagos,pt
Processing Record: 25 of Set 5 | kumluca,tr
Processing Record: 26 of Set 5 | bossangoa,cf
Processing Record: 27 of Set 5 | whakatane,nz
Processing Record: 28 of Set 5 | ahipara,nz
Processing Record: 29 of Set 5 | srednekolymsk,ru
Processing Record: 30 of Set 5 | saint-philippe,re
Processing Record: 31 of Set 5 | guaruja,br
Processing Record: 32 of Set 5 | pietarsaari,fi
City not found. Skipping...
Processing Record: 33 of Set 5 | bom jesus,br
Processing Record: 34 of Set 5 | ranong,th
Processing Record: 35 of Set 5 | byron bay,au
Processing Record: 36 of Set 5 | vao,nc
Processing Record: 37 of Set 5 | katangli,ru
Processing Record: 38 of Set 5 | kalabo,zm
Processing Record: 39 of Set 5 | vila velha,br
Processing Record: 40 of Set 5 | brumado,br
Processing Record: 41 of Set 5 | port elizabeth,za
Processing Record: 42 of Set 5 | honiara,sb
Processing Record: 43 of Set 5 | chara,ru
Processing Record: 44 of Set 5 | moshenskoye,ru
Processing Record: 45 of Set 5 | torbay,ca
Processing Record: 46 of Set 5 | rio brilhante,br
Processing Record: 47 of Set 5 | mar del plata,ar
Processing Record: 48 of Set 5 | albany,au
Processing Record: 49 of Set 5 | sinnamary,gf
Processing Record: 0 of Set 6 | tilichiki,ru
Processing Record: 1 of Set 6 | pimentel,pe
Processing Record: 2 of Set 6 | bethel,us
Processing Record: 3 of Set 6 | airai,pw
City not found. Skipping...
Processing Record: 4 of Set 6 | barawe,so
City not found. Skipping...
Processing Record: 5 of Set 6 | east hemet,us
Processing Record: 6 of Set 6 | lhuntshi,bt
City not found. Skipping...
Processing Record: 7 of Set 6 | miramar,mx
Processing Record: 8 of Set 6 | orocue,co
Processing Record: 9 of Set 6 | mahibadhoo,mv
Processing Record: 10 of Set 6 | qaanaaq,gl
Processing Record: 11 of Set 6 | comodoro rivadavia,ar
Processing Record: 12 of Set 6 | poum,nc
Processing Record: 13 of Set 6 | ilulissat,gl
Processing Record: 14 of Set 6 | port antonio,jm
Processing Record: 15 of Set 6 | kiama,au
Processing Record: 16 of Set 6 | khatanga,ru
Processing Record: 17 of Set 6 | otukpo,ng
Processing Record: 18 of Set 6 | bosaso,so
Processing Record: 19 of Set 6 | san vicente,ar
Processing Record: 20 of Set 6 | coihaique,cl
Processing Record: 21 of Set 6 | kidal,ml
Processing Record: 22 of Set 6 | labuan,my
Processing Record: 23 of Set 6 | itarema,br
Processing Record: 24 of Set 6 | veraval,in
Processing Record: 25 of Set 6 | maneromango,tz
Processing Record: 26 of Set 6 | raudeberg,no
Processing Record: 27 of Set 6 | sibolga,id
Processing Record: 28 of Set 6 | saskylakh,ru
Processing Record: 29 of Set 6 | aflu,dz
City not found. Skipping...
Processing Record: 30 of Set 6 | bonthe,sl
Processing Record: 31 of Set 6 | shubarshi,kz
Processing Record: 32 of Set 6 | wamba,cd
Processing Record: 33 of Set 6 | te anau,nz
Processing Record: 34 of Set 6 | mocambique,mz
City not found. Skipping...
Processing Record: 35 of Set 6 | marystown,ca
Processing Record: 36 of Set 6 | sisimiut,gl
Processing Record: 37 of Set 6 | firminy,fr
Processing Record: 38 of Set 6 | nouadhibou,mr
Processing Record: 39 of Set 6 | nome,us
Processing Record: 40 of Set 6 | palora,ec
Processing Record: 41 of Set 6 | pringsewu,id
Processing Record: 42 of Set 6 | sioux lookout,ca
Processing Record: 43 of Set 6 | general pico,ar
Processing Record: 44 of Set 6 | pandan,ph
Processing Record: 45 of Set 6 | lorengau,pg
Processing Record: 46 of Set 6 | coahuayana,mx
Processing Record: 47 of Set 6 | waipawa,nz
Processing Record: 48 of Set 6 | lillehammer,no
Processing Record: 49 of Set 6 | constitucion,mx
Processing Record: 0 of Set 7 | ilo,pe
Processing Record: 1 of Set 7 | chifeng,cn
Processing Record: 2 of Set 7 | lakes entrance,au
Processing Record: 3 of Set 7 | chihuahua,mx
Processing Record: 4 of Set 7 | porangatu,br
Processing Record: 5 of Set 7 | vozhega,ru
Processing Record: 6 of Set 7 | norman wells,ca
Processing Record: 7 of Set 7 | along,in
Processing Record: 8 of Set 7 | dzhusaly,kz
City not found. Skipping...
Processing Record: 9 of Set 7 | astoria,us
Processing Record: 10 of Set 7 | cockburn town,tc
Processing Record: 11 of Set 7 | fairbanks,us
Processing Record: 12 of Set 7 | xuddur,so
Processing Record: 13 of Set 7 | pangoa,pe
Processing Record: 14 of Set 7 | dalby,au
Processing Record: 15 of Set 7 | illertissen,de
Processing Record: 16 of Set 7 | visby,se
Processing Record: 17 of Set 7 | lokosovo,ru
Processing Record: 18 of Set 7 | riyadh,sa
Processing Record: 19 of Set 7 | athenree,nz
Processing Record: 20 of Set 7 | assiniboia,ca
Processing Record: 21 of Set 7 | huarmey,pe
Processing Record: 22 of Set 7 | bagan,ru
Processing Record: 23 of Set 7 | taolanaro,mg
City not found. Skipping...
Processing Record: 24 of Set 7 | balagansk,ru
Processing Record: 25 of Set 7 | samusu,ws
City not found. Skipping...
Processing Record: 26 of Set 7 | butaritari,ki
Processing Record: 27 of Set 7 | trzacka rastela,ba
Processing Record: 28 of Set 7 | portlethen,gb
Processing Record: 29 of Set 7 | geraldton,au
Processing Record: 30 of Set 7 | kaitangata,nz
Processing Record: 31 of Set 7 | kargasok,ru
Processing Record: 32 of Set 7 | la malbaie,ca
Processing Record: 33 of Set 7 | gondanglegi,id
Processing Record: 34 of Set 7 | gravdal,no
Processing Record: 35 of Set 7 | arraial do cabo,br
Processing Record: 36 of Set 7 | sao gabriel da cachoeira,br
Processing Record: 37 of Set 7 | sentyabrskiy,ru
City not found. Skipping...
Processing Record: 38 of Set 7 | jieshi,cn
Processing Record: 39 of Set 7 | sitka,us
Processing Record: 40 of Set 7 | toliary,mg
City not found. Skipping...
Processing Record: 41 of Set 7 | wulanhaote,cn
City not found. Skipping...
Processing Record: 42 of Set 7 | beloretsk,ru
Processing Record: 43 of Set 7 | broome,au
Processing Record: 44 of Set 7 | bougouni,ml
Processing Record: 45 of Set 7 | sungaipenuh,id
Processing Record: 46 of Set 7 | chunoyar,ru
Processing Record: 47 of Set 7 | beitbridge,zw
Processing Record: 48 of Set 7 | sovetskiy,ru
Processing Record: 49 of Set 7 | coquimbo,cl
Processing Record: 0 of Set 8 | faanui,pf
Processing Record: 1 of Set 8 | felipe carrillo puerto,mx
Processing Record: 2 of Set 8 | lavrentiya,ru
Processing Record: 3 of Set 8 | harper,lr
Processing Record: 4 of Set 8 | tuktoyaktuk,ca
Processing Record: 5 of Set 8 | hualmay,pe
Processing Record: 6 of Set 8 | mutsamudu,km
City not found. Skipping...
Processing Record: 7 of Set 8 | lahij,ye
Processing Record: 8 of Set 8 | daitari,in
Processing Record: 9 of Set 8 | caravelas,br
Processing Record: 10 of Set 8 | bilibino,ru
Processing Record: 11 of Set 8 | zhangye,cn
Processing Record: 12 of Set 8 | klamath falls,us
Processing Record: 13 of Set 8 | cayenne,gf
Processing Record: 14 of Set 8 | san carlos de bariloche,ar
Processing Record: 15 of Set 8 | fort nelson,ca
Processing Record: 16 of Set 8 | hofn,is
Processing Record: 17 of Set 8 | auki,sb
Processing Record: 18 of Set 8 | petropavlovsk-kamchatskiy,ru
Processing Record: 19 of Set 8 | necochea,ar
Processing Record: 20 of Set 8 | san rafael del sur,ni
Processing Record: 21 of Set 8 | coria,es
Processing Record: 22 of Set 8 | luderitz,na
Processing Record: 23 of Set 8 | karaul,ru
City not found. Skipping...
Processing Record: 24 of Set 8 | beruwala,lk
Processing Record: 25 of Set 8 | mendi,et
Processing Record: 26 of Set 8 | mayo,ca
Processing Record: 27 of Set 8 | roma,au
Processing Record: 28 of Set 8 | atar,mr
Processing Record: 29 of Set 8 | nizhneyansk,ru
City not found. Skipping...
Processing Record: 30 of Set 8 | kapaa,us
Processing Record: 31 of Set 8 | dikson,ru
Processing Record: 32 of Set 8 | lenger,kz
Processing Record: 33 of Set 8 | esperance,au
Processing Record: 34 of Set 8 | saveh,ir
Processing Record: 35 of Set 8 | san jose,gt
Processing Record: 36 of Set 8 | laguna,br
City not found. Skipping...
Processing Record: 37 of Set 8 | hobyo,so
Processing Record: 38 of Set 8 | mairana,bo
Processing Record: 39 of Set 8 | attawapiskat,ca
City not found. Skipping...
Processing Record: 40 of Set 8 | kingaroy,au
Processing Record: 41 of Set 8 | ust-barguzin,ru
Processing Record: 42 of Set 8 | qom,ir
Processing Record: 43 of Set 8 | derzhavinsk,kz
Processing Record: 44 of Set 8 | tumannyy,ru
City not found. Skipping...
Processing Record: 45 of Set 8 | kiriakion,gr
City not found. Skipping...
Processing Record: 46 of Set 8 | anadyr,ru
Processing Record: 47 of Set 8 | zanjan,ir
Processing Record: 48 of Set 8 | sobolevo,ru
Processing Record: 49 of Set 8 | mokhsogollokh,ru
Processing Record: 0 of Set 9 | malinovoye ozero,ru
Processing Record: 1 of Set 9 | saint anthony,ca
City not found. Skipping...
Processing Record: 2 of Set 9 | koryukivka,ua
Processing Record: 3 of Set 9 | provideniya,ru
Processing Record: 4 of Set 9 | talaya,ru
Processing Record: 5 of Set 9 | acapulco,mx
Processing Record: 6 of Set 9 | kasimbazar,in
City not found. Skipping...
Processing Record: 7 of Set 9 | pedernales,do
Processing Record: 8 of Set 9 | monte patria,cl
Processing Record: 9 of Set 9 | pevek,ru
Processing Record: 10 of Set 9 | vaitupu,wf
City not found. Skipping...
Processing Record: 11 of Set 9 | jalu,ly
Processing Record: 12 of Set 9 | lakhimpur,in
Processing Record: 13 of Set 9 | anton lizardo,mx
Processing Record: 14 of Set 9 | bairiki,ki
City not found. Skipping...
Processing Record: 15 of Set 9 | wakkanai,jp
Processing Record: 16 of Set 9 | husavik,is
Processing Record: 17 of Set 9 | arona,es
Processing Record: 18 of Set 9 | bolungarvik,is
City not found. Skipping...
Processing Record: 19 of Set 9 | chapada dos guimaraes,br
Processing Record: 20 of Set 9 | xai-xai,mz
Processing Record: 21 of Set 9 | tari,pg
City not found. Skipping...
Processing Record: 22 of Set 9 | mozarlandia,br
Processing Record: 23 of Set 9 | rikitea,pf
Processing Record: 24 of Set 9 | peleduy,ru
Processing Record: 25 of Set 9 | boende,cd
Processing Record: 26 of Set 9 | almaznyy,ru
Processing Record: 27 of Set 9 | kamenskoye,ru
City not found. Skipping...
Processing Record: 28 of Set 9 | chitungwiza,zw
Processing Record: 29 of Set 9 | lincoln,nz
Processing Record: 30 of Set 9 | salalah,om
Processing Record: 31 of Set 9 | isangel,vu
Processing Record: 32 of Set 9 | princeton,ca
Processing Record: 33 of Set 9 | penha,br
Processing Record: 34 of Set 9 | codrington,ag
City not found. Skipping...
Processing Record: 35 of Set 9 | gualeguay,ar
Processing Record: 36 of Set 9 | taoudenni,ml
Processing Record: 37 of Set 9 | artyom,az
Processing Record: 38 of Set 9 | cherskiy,ru
Processing Record: 39 of Set 9 | tupik,ru
Processing Record: 40 of Set 9 | richards bay,za
Processing Record: 41 of Set 9 | san policarpo,ph
Processing Record: 42 of Set 9 | haifa,il
Processing Record: 43 of Set 9 | maxixe,mz
Processing Record: 44 of Set 9 | paamiut,gl
Processing Record: 45 of Set 9 | teahupoo,pf
Processing Record: 46 of Set 9 | tonota,bw
Processing Record: 47 of Set 9 | rio grande,br
Processing Record: 48 of Set 9 | portland,au
Processing Record: 49 of Set 9 | mabaruma,gy
Processing Record: 0 of Set 10 | senador jose porfirio,br
Processing Record: 1 of Set 10 | sola,vu
Processing Record: 2 of Set 10 | alim,ph
Processing Record: 3 of Set 10 | gornozavodsk,ru
Processing Record: 4 of Set 10 | clyde river,ca
Processing Record: 5 of Set 10 | lima,pe
Processing Record: 6 of Set 10 | margate,za
Processing Record: 7 of Set 10 | betioky,mg
City not found. Skipping...
Processing Record: 8 of Set 10 | dunedin,nz
Processing Record: 9 of Set 10 | lev tolstoy,ru
Processing Record: 10 of Set 10 | magadan,ru
Processing Record: 11 of Set 10 | amderma,ru
City not found. Skipping...
Processing Record: 12 of Set 10 | ambon,id
Processing Record: 13 of Set 10 | severo-kurilsk,ru
Processing Record: 14 of Set 10 | rorvik,no
Processing Record: 15 of Set 10 | seelze,de
Processing Record: 16 of Set 10 | san cristobal,ec
Processing Record: 17 of Set 10 | karpathos,gr
Processing Record: 18 of Set 10 | houma,us
Processing Record: 19 of Set 10 | stephenville,ca
Processing Record: 20 of Set 10 | tuatapere,nz
Processing Record: 21 of Set 10 | saleaula,ws
City not found. Skipping...
Processing Record: 22 of Set 10 | khonuu,ru
City not found. Skipping...
Processing Record: 23 of Set 10 | sorvag,fo
City not found. Skipping...
Processing Record: 24 of Set 10 | hilo,us
Processing Record: 25 of Set 10 | vila real de santo antonio,pt
Processing Record: 26 of Set 10 | lensk,ru
Processing Record: 27 of Set 10 | campolongo maggiore,it
Processing Record: 28 of Set 10 | mount isa,au
Processing Record: 29 of Set 10 | artyk,ru
City not found. Skipping...
Processing Record: 30 of Set 10 | valparaiso,cl
Processing Record: 31 of Set 10 | bargal,so
City not found. Skipping...
Processing Record: 32 of Set 10 | upernavik,gl
Processing Record: 33 of Set 10 | ocampo,mx
Processing Record: 34 of Set 10 | port hedland,au
Processing Record: 35 of Set 10 | suaza,co
Processing Record: 36 of Set 10 | pakwach,ug
City not found. Skipping...
Processing Record: 37 of Set 10 | skjervoy,no
Processing Record: 38 of Set 10 | kruisfontein,za
Processing Record: 39 of Set 10 | illoqqortoormiut,gl
City not found. Skipping...
Processing Record: 40 of Set 10 | souillac,mu
Processing Record: 41 of Set 10 | nalut,ly
Processing Record: 42 of Set 10 | olafsvik,is
City not found. Skipping...
Processing Record: 43 of Set 10 | surt,ly
Processing Record: 44 of Set 10 | noumea,nc
Processing Record: 45 of Set 10 | crotone,it
Processing Record: 46 of Set 10 | barentsburg,sj
City not found. Skipping...
Processing Record: 47 of Set 10 | lompoc,us
Processing Record: 48 of Set 10 | tucumcari,us
Processing Record: 49 of Set 10 | bollnas,se
Processing Record: 0 of Set 11 | clarence town,bs
Processing Record: 1 of Set 11 | baruun-urt,mn
Processing Record: 2 of Set 11 | moyale,et
Processing Record: 3 of Set 11 | ponta do sol,cv
Processing Record: 4 of Set 11 | port blair,in
Processing Record: 5 of Set 11 | azul,ar
Processing Record: 6 of Set 11 | los algarrobos,pa
Processing Record: 7 of Set 11 | wahran,dz
City not found. Skipping...
Processing Record: 8 of Set 11 | broken hill,au
Processing Record: 9 of Set 11 | bengkulu,id
City not found. Skipping...
Processing Record: 10 of Set 11 | kudahuvadhoo,mv
Processing Record: 11 of Set 11 | avarua,ck
Processing Record: 12 of Set 11 | qaqortoq,gl
Processing Record: 13 of Set 11 | gat,ly
City not found. Skipping...
Processing Record: 14 of Set 11 | georgetown,sh
Processing Record: 15 of Set 11 | walvis bay,na
Processing Record: 16 of Set 11 | sao jose da coroa grande,br
Processing Record: 17 of Set 11 | avera,pf
City not found. Skipping...
Processing Record: 18 of Set 11 | hami,cn
Processing Record: 19 of Set 11 | cape town,za
Processing Record: 20 of Set 11 | ayr,au
Processing Record: 21 of Set 11 | whitehorse,ca
Processing Record: 22 of Set 11 | gornyye klyuchi,ru
Processing Record: 23 of Set 11 | iqaluit,ca
Processing Record: 24 of Set 11 | pawican,ph
Processing Record: 25 of Set 11 | kloulklubed,pw
Processing Record: 26 of Set 11 | ancud,cl
Processing Record: 27 of Set 11 | bitkine,td
Processing Record: 28 of Set 11 | saint-augustin,ca
Processing Record: 29 of Set 11 | talnakh,ru
Processing Record: 30 of Set 11 | quesnel,ca
Processing Record: 31 of Set 11 | inhambane,mz
Processing Record: 32 of Set 11 | sinop,tr
Processing Record: 33 of Set 11 | punta arenas,cl
Processing Record: 34 of Set 11 | port keats,au
Processing Record: 35 of Set 11 | trat,th
Processing Record: 36 of Set 11 | rio gallegos,ar
Processing Record: 37 of Set 11 | ribeira grande,pt
Processing Record: 38 of Set 11 | lazarev,ru
Processing Record: 39 of Set 11 | shizunai,jp
Processing Record: 40 of Set 11 | kon tum,vn
Processing Record: 41 of Set 11 | shakiso,et
Processing Record: 42 of Set 11 | grand gaube,mu
Processing Record: 43 of Set 11 | chongwe,zm
Processing Record: 44 of Set 11 | viedma,ar
Processing Record: 45 of Set 11 | camacha,pt
Processing Record: 46 of Set 11 | ushuaia,ar
Processing Record: 47 of Set 11 | slave lake,ca
Processing Record: 48 of Set 11 | kurkent,ru
Processing Record: 49 of Set 11 | cukai,my
Processing Record: 0 of Set 12 | alta floresta,br
Processing Record: 1 of Set 12 | thompson,ca
Processing Record: 2 of Set 12 | mys shmidta,ru
City not found. Skipping...
Processing Record: 3 of Set 12 | hamilton,bm
Processing Record: 4 of Set 12 | watsa,cd
Processing Record: 5 of Set 12 | komsomolskiy,ru
Processing Record: 6 of Set 12 | marsh harbour,bs
Processing Record: 7 of Set 12 | vilhena,br
Processing Record: 8 of Set 12 | skibbereen,ie
Processing Record: 9 of Set 12 | dutse,ng
Processing Record: 10 of Set 12 | poso,id
Processing Record: 11 of Set 12 | sokoto,ng
Processing Record: 12 of Set 12 | kieta,pg
Processing Record: 13 of Set 12 | cabo san lucas,mx
Processing Record: 14 of Set 12 | indramayu,id
Processing Record: 15 of Set 12 | saint george,bm
Processing Record: 16 of Set 12 | la ronge,ca
Processing Record: 17 of Set 12 | leningradskiy,ru
Processing Record: 18 of Set 12 | gigmoto,ph
Processing Record: 19 of Set 12 | mahebourg,mu
Processing Record: 20 of Set 12 | iwanai,jp
Processing Record: 21 of Set 12 | guelengdeng,td
City not found. Skipping...
Processing Record: 22 of Set 12 | belushya guba,ru
City not found. Skipping...
Processing Record: 23 of Set 12 | tezu,in
Processing Record: 24 of Set 12 | ilhabela,br
Processing Record: 25 of Set 12 | nam tha,la
City not found. Skipping...
Processing Record: 26 of Set 12 | longyearbyen,sj
Processing Record: 27 of Set 12 | nahrin,af
Processing Record: 28 of Set 12 | kahului,us
Processing Record: 29 of Set 12 | manokwari,id
Processing Record: 30 of Set 12 | sabha,ly
Processing Record: 31 of Set 12 | jiblah,ye
Processing Record: 32 of Set 12 | grindavik,is
Processing Record: 33 of Set 12 | pokaran,in
Processing Record: 34 of Set 12 | luwuk,id
Processing Record: 35 of Set 12 | belyy yar,ru
Processing Record: 36 of Set 12 | tevaitoa,pf
Processing Record: 37 of Set 12 | ponta delgada,pt
Processing Record: 38 of Set 12 | kirakira,sb
Processing Record: 39 of Set 12 | skala,gr
Processing Record: 40 of Set 12 | alotau,pg
City not found. Skipping...
Processing Record: 41 of Set 12 | katsuura,jp
Processing Record: 42 of Set 12 | witrivier,za
City not found. Skipping...
Processing Record: 43 of Set 12 | marawi,sd
Processing Record: 44 of Set 12 | fortuna,us
Processing Record: 45 of Set 12 | luis correia,br
Processing Record: 46 of Set 12 | new norfolk,au
Processing Record: 47 of Set 12 | oliveira dos brejinhos,br
Processing Record: 48 of Set 12 | mataura,pf
City not found. Skipping...
Processing Record: 49 of Set 12 | camalu,mx
Processing Record: 0 of Set 13 | sao filipe,cv
Processing Record: 1 of Set 13 | rancharia,br
Processing Record: 2 of Set 13 | kuusamo,fi
Processing Record: 3 of Set 13 | smolenka,ru
Processing Record: 4 of Set 13 | monrovia,lr
Processing Record: 5 of Set 13 | barabinsk,ru
Processing Record: 6 of Set 13 | tabulbah,tn
City not found. Skipping...
Processing Record: 7 of Set 13 | yellowknife,ca
Processing Record: 8 of Set 13 | saryshagan,kz
City not found. Skipping...
Processing Record: 9 of Set 13 | guanica,us
City not found. Skipping...
Processing Record: 10 of Set 13 | porto walter,br
Processing Record: 11 of Set 13 | nemuro,jp
Processing Record: 12 of Set 13 | mount gambier,au
Processing Record: 13 of Set 13 | nanortalik,gl
Processing Record: 14 of Set 13 | palmerston,au
Processing Record: 15 of Set 13 | lucapa,ao
Processing Record: 16 of Set 13 | temerloh,my
Processing Record: 17 of Set 13 | haines junction,ca
Processing Record: 18 of Set 13 | jimenez,mx
Processing Record: 19 of Set 13 | antsla,ee
Processing Record: 20 of Set 13 | half moon bay,us
Processing Record: 21 of Set 13 | longhua,cn
Processing Record: 22 of Set 13 | nelson bay,au
Processing Record: 23 of Set 13 | beloha,mg
Processing Record: 24 of Set 13 | sorong,id
Processing Record: 25 of Set 13 | seoul,kr
Processing Record: 26 of Set 13 | alyangula,au
Processing Record: 27 of Set 13 | alice springs,au
Processing Record: 28 of Set 13 | praia da vitoria,pt
Processing Record: 29 of Set 13 | makarov,ru
